NAME	GS<br> follow link to MSigDB	GS DETAILS	SIZE	ES	NES	NOM p-val	FDR q-val	FWER p-val	RANK AT MAX	LEADING EDGE	
GOBP_CELL_PROJECTION_ASSEMBLY	GOBP_CELL_PROJECTION_ASSEMBLY	Details ...	161	-0.07653414	---	---	1.0	0.0	2880	tags=76%, list=58%, signal=176%	
GOBP_NEGATIVE_REGULATION_OF_MONOATOMIC_ION_TRANSPORT	GOBP_NEGATIVE_REGULATION_OF_MONOATOMIC_ION_TRANSPORT	Details ...	40	-0.28304812	-2.2326608	0.0	0.1406387	0.162	2818	tags=90%, list=57%, signal=207%	
GOBP_POSITIVE_REGULATION_OF_GLUCOSE_METABOLIC_PROCESS	GOBP_POSITIVE_REGULATION_OF_GLUCOSE_METABOLIC_PROCESS	Details ...	17	-0.38758594	-2.1411664	0.0	0.14934497	0.242	3047	tags=100%, list=61%, signal=258%	
GOBP_PROTEIN_MONOUBIQUITINATION	GOBP_PROTEIN_MONOUBIQUITINATION	Details ...	30	-0.28988266	-2.074939	0.0	0.17044954	0.343	2614	tags=87%, list=53%, signal=182%	
GOBP_PROTEIN_LOCALIZATION_TO_CYTOSKELETON	GOBP_PROTEIN_LOCALIZATION_TO_CYTOSKELETON	Details ...	22	-0.34967873	-2.0130777	0.0	0.19748236	0.453	1578	tags=77%, list=32%, signal=113%	
GOBP_SODIUM_ION_TRANSPORT	GOBP_SODIUM_ION_TRANSPORT	Details ...	35	-0.28174543	-1.9872078	0.0	0.19097082	0.505	2818	tags=89%, list=57%, signal=203%	
GOBP_NEGATIVE_REGULATION_OF_MONOATOMIC_ION_TRANSMEMBRANE_TRANSPORT	GOBP_NEGATIVE_REGULATION_OF_MONOATOMIC_ION_TRANSMEMBRANE_TRANSPORT	Details ...	35	-0.26487383	-1.9680756	0.023809524	0.18207659	0.542	2818	tags=89%, list=57%, signal=203%	
GOBP_REGULATION_OF_SODIUM_ION_TRANSPORT	GOBP_REGULATION_OF_SODIUM_ION_TRANSPORT	Details ...	27	-0.29055807	-1.9373057	0.0	0.19246654	0.614	2788	tags=89%, list=56%, signal=202%	
GOBP_POSITIVE_REGULATION_OF_DENDRITIC_SPINE_DEVELOPMENT	GOBP_POSITIVE_REGULATION_OF_DENDRITIC_SPINE_DEVELOPMENT	Details ...	31	-0.27055642	-1.9359448	0.0	0.17284562	0.619	2961	tags=90%, list=60%, signal=223%	
GOBP_NEGATIVE_REGULATION_OF_TRANSMEMBRANE_TRANSPORT	GOBP_NEGATIVE_REGULATION_OF_TRANSMEMBRANE_TRANSPORT	Details ...	43	-0.2368421	-1.895312	0.027027028	0.1955499	0.702	2818	tags=86%, list=57%, signal=197%	
GOBP_ATTACHMENT_OF_SPINDLE_MICROTUBULES_TO_KINETOCHORE	GOBP_ATTACHMENT_OF_SPINDLE_MICROTUBULES_TO_KINETOCHORE	Details ...	23	-0.28829888	-1.8355969	0.0	0.25232837	0.833	1072	tags=65%, list=22%, signal=83%	
GOBP_NEGATIVE_REGULATION_OF_STRIATED_MUSCLE_CELL_APOPTOTIC_PROCESS	GOBP_NEGATIVE_REGULATION_OF_STRIATED_MUSCLE_CELL_APOPTOTIC_PROCESS	Details ...	15	-0.3587167	-1.8198029	0.012820513	0.25599056	0.854	2193	tags=87%, list=44%, signal=155%	
GOMF_ATPASE_COUPLED_MONOATOMIC_CATION_TRANSMEMBRANE_TRANSPORTER_ACTIVITY	GOMF_ATPASE_COUPLED_MONOATOMIC_CATION_TRANSMEMBRANE_TRANSPORTER_ACTIVITY	Details ...	22	-0.30216557	-1.7889792	0.021052632	0.2784124	0.897	3471	tags=100%, list=70%, signal=331%	
GOMF_PHOSPHATIDYLINOSITOL_4_5_BISPHOSPHATE_BINDING	GOMF_PHOSPHATIDYLINOSITOL_4_5_BISPHOSPHATE_BINDING	Details ...	22	-0.29664674	-1.7838694	0.01980198	0.26550123	0.906	1814	tags=77%, list=37%, signal=121%	
GOBP_SODIUM_ION_TRANSMEMBRANE_TRANSPORT	GOBP_SODIUM_ION_TRANSMEMBRANE_TRANSPORT	Details ...	24	-0.2719109	-1.7729149	0.020833334	0.263288	0.911	2788	tags=88%, list=56%, signal=199%	
GOBP_REGULATION_OF_TYPE_I_INTERFERON_MEDIATED_SIGNALING_PATHWAY	GOBP_REGULATION_OF_TYPE_I_INTERFERON_MEDIATED_SIGNALING_PATHWAY	Details ...	18	-0.32194138	-1.7661462	0.0067114094	0.25617027	0.916	3372	tags=100%, list=68%, signal=311%	
GOCC_MICROTUBULE_PLUS_END	GOCC_MICROTUBULE_PLUS_END	Details ...	16	-0.34303322	-1.760347	0.013513514	0.24778	0.921	2757	tags=94%, list=56%, signal=210%	
GOBP_RUFFLE_ORGANIZATION	GOBP_RUFFLE_ORGANIZATION	Details ...	21	-0.30587026	-1.7481674	0.016	0.2492606	0.934	3123	tags=95%, list=63%, signal=256%	
GOMF_PROTEIN_PHOSPHATASE_2A_BINDING	GOMF_PROTEIN_PHOSPHATASE_2A_BINDING	Details ...	20	-0.30068734	-1.7223526	0.025	0.2728613	0.955	2477	tags=85%, list=50%, signal=169%	
GOBP_NEGATIVE_REGULATION_OF_TRANSPORT	GOBP_NEGATIVE_REGULATION_OF_TRANSPORT	Details ...	139	-0.107960604	-1.7125062	0.0	0.27274275	0.962	2870	tags=79%, list=58%, signal=182%	
GOBP_POSITIVE_REGULATION_OF_TRANSLATIONAL_INITIATION	GOBP_POSITIVE_REGULATION_OF_TRANSLATIONAL_INITIATION		15	-0.35226354	-1.7049251	0.033333335	0.2688796	0.963	3221	tags=100%, list=65%, signal=284%	
GOBP_DENDRITIC_SPINE_DEVELOPMENT	GOBP_DENDRITIC_SPINE_DEVELOPMENT		53	-0.17409495	-1.6764344	0.0	0.2971874	0.977	2808	tags=81%, list=57%, signal=185%	
GOBP_NEGATIVE_REGULATION_OF_RESPONSE_TO_CYTOKINE_STIMULUS	GOBP_NEGATIVE_REGULATION_OF_RESPONSE_TO_CYTOKINE_STIMULUS		17	-0.32187626	-1.6558609	0.040816326	0.31626132	0.981	3372	tags=100%, list=68%, signal=311%	
GOCC_MRNA_CLEAVAGE_FACTOR_COMPLEX	GOCC_MRNA_CLEAVAGE_FACTOR_COMPLEX		20	-0.29068685	-1.6474739	0.025	0.31505117	0.984	2909	tags=90%, list=59%, signal=217%	
GOCC_ESCRT_COMPLEX	GOCC_ESCRT_COMPLEX		20	-0.27944407	-1.6430683	0.032520324	0.30850312	0.985	1847	tags=75%, list=37%, signal=119%	
GOMF_CYSTEINE_TYPE_PEPTIDASE_ACTIVITY	GOMF_CYSTEINE_TYPE_PEPTIDASE_ACTIVITY		59	-0.17509261	-1.6347883	0.0	0.31045836	0.992	3519	tags=92%, list=71%, signal=311%	
GOCC_CILIARY_PLASM	GOCC_CILIARY_PLASM		34	-0.22470452	-1.6286976	0.035714287	0.30776465	0.993	3240	tags=91%, list=65%, signal=261%	
GOMF_MOLECULAR_CONDENSATE_SCAFFOLD_ACTIVITY	GOMF_MOLECULAR_CONDENSATE_SCAFFOLD_ACTIVITY		19	-0.28799725	-1.6268585	0.021276595	0.29977235	0.993	2510	tags=84%, list=51%, signal=170%	
GOBP_REGULATION_OF_EARLY_ENDOSOME_TO_LATE_ENDOSOME_TRANSPORT	GOBP_REGULATION_OF_EARLY_ENDOSOME_TO_LATE_ENDOSOME_TRANSPORT		16	-0.31695977	-1.6162827	0.032467533	0.30575505	0.993	3396	tags=100%, list=68%, signal=316%	
GOBP_DIGESTIVE_SYSTEM_DEVELOPMENT	GOBP_DIGESTIVE_SYSTEM_DEVELOPMENT		22	-0.2836598	-1.61578	0.034782607	0.2960943	0.993	1849	tags=77%, list=37%, signal=123%	
GOMF_PHOSPHATIDYLINOSITOL_3_PHOSPHATE_BINDING	GOMF_PHOSPHATIDYLINOSITOL_3_PHOSPHATE_BINDING		17	-0.3003394	-1.613467	0.029761905	0.2894089	0.993	2091	tags=82%, list=42%, signal=142%	
GOBP_POSITIVE_REGULATION_OF_CARBOHYDRATE_METABOLIC_PROCESS	GOBP_POSITIVE_REGULATION_OF_CARBOHYDRATE_METABOLIC_PROCESS		24	-0.25974613	-1.5943296	0.04310345	0.3094889	0.998	2535	tags=83%, list=51%, signal=170%	
GOBP_NEGATIVE_REGULATION_OF_ORGANELLE_ASSEMBLY	GOBP_NEGATIVE_REGULATION_OF_ORGANELLE_ASSEMBLY		15	-0.32275668	-1.5917	0.051612902	0.30363277	0.998	3367	tags=100%, list=68%, signal=310%	
GOBP_FORMATION_OF_PRIMARY_GERM_LAYER	GOBP_FORMATION_OF_PRIMARY_GERM_LAYER		32	-0.21205805	-1.5909094	0.02631579	0.29597828	0.998	2082	tags=75%, list=42%, signal=128%	
GOCC_CYTOPLASMIC_MICROTUBULE	GOCC_CYTOPLASMIC_MICROTUBULE		27	-0.23429693	-1.5838383	0.025974026	0.2981444	0.998	3547	tags=96%, list=71%, signal=336%	
GOBP_PROTEIN_MODIFICATION_BY_SMALL_PROTEIN_REMOVAL	GOBP_PROTEIN_MODIFICATION_BY_SMALL_PROTEIN_REMOVAL		60	-0.15466543	-1.5808477	0.0	0.29389912	0.998	3519	tags=90%, list=71%, signal=306%	
GOBP_RESPONSE_TO_TYPE_I_INTERFERON	GOBP_RESPONSE_TO_TYPE_I_INTERFERON		25	-0.24005142	-1.5731295	0.009708738	0.29601124	0.998	3372	tags=96%, list=68%, signal=298%	
GOMF_MYOSIN_BINDING	GOMF_MYOSIN_BINDING		22	-0.27233246	-1.5667647	0.057692308	0.29773876	0.998	2986	tags=91%, list=60%, signal=227%	
GOBP_ACTIN_FILAMENT_DEPOLYMERIZATION	GOBP_ACTIN_FILAMENT_DEPOLYMERIZATION		35	-0.19985698	-1.5606173	0.06	0.3000622	0.999	3560	tags=94%, list=72%, signal=331%	
GOBP_PROTEIN_K48_LINKED_UBIQUITINATION	GOBP_PROTEIN_K48_LINKED_UBIQUITINATION		25	-0.25679338	-1.5595379	0.010638298	0.2942103	0.999	1670	tags=68%, list=34%, signal=102%	
GOBP_REGULATION_OF_NUCLEOTIDE_EXCISION_REPAIR	GOBP_REGULATION_OF_NUCLEOTIDE_EXCISION_REPAIR		21	-0.26879624	-1.5536475	0.040650405	0.2960324	0.999	2773	tags=86%, list=56%, signal=193%	
GOBP_CRANIAL_SKELETAL_SYSTEM_DEVELOPMENT	GOBP_CRANIAL_SKELETAL_SYSTEM_DEVELOPMENT		16	-0.29957053	-1.5378392	0.033783782	0.31284666	1.0	1849	tags=75%, list=37%, signal=119%	
GOBP_CHLORIDE_TRANSPORT	GOBP_CHLORIDE_TRANSPORT		16	-0.31395406	-1.5315598	0.044025157	0.3159199	1.0	1805	tags=75%, list=36%, signal=117%	
GOBP_REGULATION_OF_SODIUM_ION_TRANSMEMBRANE_TRANSPORT	GOBP_REGULATION_OF_SODIUM_ION_TRANSMEMBRANE_TRANSPORT		21	-0.24940392	-1.5233277	0.04918033	0.32036963	1.0	2788	tags=86%, list=56%, signal=195%	
GOBP_POSITIVE_REGULATION_OF_STRESS_ACTIVATED_PROTEIN_KINASE_SIGNALING_CASCADE	GOBP_POSITIVE_REGULATION_OF_STRESS_ACTIVATED_PROTEIN_KINASE_SIGNALING_CASCADE		28	-0.23807344	-1.5215666	0.04761905	0.31560743	1.0	3205	tags=93%, list=65%, signal=261%	
GOBP_EMBRYONIC_HEART_TUBE_DEVELOPMENT	GOBP_EMBRYONIC_HEART_TUBE_DEVELOPMENT		18	-0.2778562	-1.5206953	0.031496063	0.30986077	1.0	1560	tags=72%, list=31%, signal=105%	
GOBP_REGULATION_OF_CYTOPLASMIC_TRANSPORT	GOBP_REGULATION_OF_CYTOPLASMIC_TRANSPORT		22	-0.25780654	-1.5154321	0.05	0.31103632	1.0	3396	tags=95%, list=68%, signal=301%	
GOBP_REGULATION_OF_SIGNALING_RECEPTOR_ACTIVITY	GOBP_REGULATION_OF_SIGNALING_RECEPTOR_ACTIVITY		20	-0.2654417	-1.5144708	0.04587156	0.30637136	1.0	3293	tags=95%, list=66%, signal=281%	
GOBP_REGULATION_OF_RHO_PROTEIN_SIGNAL_TRANSDUCTION	GOBP_REGULATION_OF_RHO_PROTEIN_SIGNAL_TRANSDUCTION		18	-0.27923232	-1.5032015	0.06666667	0.3176766	1.0	3129	tags=94%, list=63%, signal=255%	
GOBP_NON_MOTILE_CILIUM_ASSEMBLY	GOBP_NON_MOTILE_CILIUM_ASSEMBLY		22	-0.25221702	-1.4975531	0.09090909	0.31990317	1.0	2092	tags=77%, list=42%, signal=133%	
GOBP_BARBED_END_ACTIN_FILAMENT_CAPPING	GOBP_BARBED_END_ACTIN_FILAMENT_CAPPING		18	-0.28392315	-1.4972885	0.10958904	0.3140593	1.0	3560	tags=100%, list=72%, signal=352%	
GOBP_RUFFLE_ASSEMBLY	GOBP_RUFFLE_ASSEMBLY		16	-0.2942105	-1.4896275	0.057692308	0.31939083	1.0	2298	tags=81%, list=46%, signal=151%	
GOCC_GTPASE_COMPLEX	GOCC_GTPASE_COMPLEX		20	-0.2703275	-1.4891776	0.040650405	0.31392786	1.0	2275	tags=85%, list=46%, signal=156%	
GOCC_PHOSPHATASE_COMPLEX	GOCC_PHOSPHATASE_COMPLEX		29	-0.2142822	-1.4880465	0.02631579	0.30956262	1.0	3220	tags=93%, list=65%, signal=264%	
GOBP_PROTEIN_SUMOYLATION	GOBP_PROTEIN_SUMOYLATION		21	-0.24873693	-1.4747254	0.08208955	0.32222956	1.0	1582	tags=71%, list=32%, signal=104%	
GOMF_G_PROTEIN_ACTIVITY	GOMF_G_PROTEIN_ACTIVITY		31	-0.21503969	-1.4595758	0.05970149	0.33961925	1.0	2797	tags=84%, list=56%, signal=191%	
GOMF_UBIQUITIN_LIKE_PROTEIN_PEPTIDASE_ACTIVITY	GOMF_UBIQUITIN_LIKE_PROTEIN_PEPTIDASE_ACTIVITY		45	-0.16513354	-1.4558127	0.0625	0.33947885	1.0	3519	tags=91%, list=71%, signal=310%	
GOMF_RECEPTOR_TYROSINE_KINASE_BINDING	GOMF_RECEPTOR_TYROSINE_KINASE_BINDING		24	-0.22706243	-1.4537461	0.05319149	0.33667862	1.0	3265	tags=92%, list=66%, signal=267%	
GOBP_REGULATION_OF_NEURON_MIGRATION	GOBP_REGULATION_OF_NEURON_MIGRATION		16	-0.2867854	-1.4505116	0.08029197	0.3366118	1.0	1517	tags=69%, list=31%, signal=99%	
GOCC_SWI_SNF_COMPLEX	GOCC_SWI_SNF_COMPLEX		20	-0.25293577	-1.4472176	0.053030305	0.33532104	1.0	2773	tags=85%, list=56%, signal=192%	
GOBP_NEGATIVE_REGULATION_OF_EPITHELIAL_CELL_APOPTOTIC_PROCESS	GOBP_NEGATIVE_REGULATION_OF_EPITHELIAL_CELL_APOPTOTIC_PROCESS		19	-0.27166048	-1.4363415	0.07258064	0.34742573	1.0	2493	tags=84%, list=50%, signal=169%	
GOBP_CELL_CELL_SIGNALING_BY_WNT	GOBP_CELL_CELL_SIGNALING_BY_WNT		113	-0.10225071	-1.4353776	0.0	0.34300843	1.0	2743	tags=75%, list=55%, signal=164%	
GOBP_NEUROTROPHIN_SIGNALING_PATHWAY	GOBP_NEUROTROPHIN_SIGNALING_PATHWAY		15	-0.2944877	-1.4155558	0.12101911	0.36964548	1.0	2636	tags=87%, list=53%, signal=184%	
GOCC_EXON_EXON_JUNCTION_COMPLEX	GOCC_EXON_EXON_JUNCTION_COMPLEX		15	-0.28192306	-1.4128692	0.10326087	0.3685192	1.0	3174	tags=93%, list=64%, signal=258%	
GOCC_FILOPODIUM	GOCC_FILOPODIUM		46	-0.15267879	-1.4089721	0.057142857	0.36992863	1.0	3083	tags=85%, list=62%, signal=222%	
GOBP_DENDRITE_DEVELOPMENT	GOBP_DENDRITE_DEVELOPMENT		112	-0.10077995	-1.4017643	0.0	0.3762642	1.0	2808	tags=77%, list=57%, signal=173%	
GOBP_CANONICAL_WNT_SIGNALING_PATHWAY	GOBP_CANONICAL_WNT_SIGNALING_PATHWAY		71	-0.12863526	-1.3918085	0.0	0.386988	1.0	3298	tags=86%, list=66%, signal=252%	
GOBP_STRIATED_MUSCLE_CELL_PROLIFERATION	GOBP_STRIATED_MUSCLE_CELL_PROLIFERATION		25	-0.21407561	-1.3914312	0.11111111	0.3820014	1.0	1585	tags=64%, list=32%, signal=94%	
GOBP_REGULATION_OF_RESPONSE_TO_CYTOKINE_STIMULUS	GOBP_REGULATION_OF_RESPONSE_TO_CYTOKINE_STIMULUS		35	-0.17774011	-1.3874987	0.050847456	0.3829359	1.0	3187	tags=89%, list=64%, signal=246%	
GOBP_REGULATION_OF_SYNAPTIC_VESICLE_EXOCYTOSIS	GOBP_REGULATION_OF_SYNAPTIC_VESICLE_EXOCYTOSIS		19	-0.2458767	-1.385044	0.1171875	0.38139614	1.0	3043	tags=89%, list=61%, signal=230%	
GOBP_PROTEIN_DEUBIQUITINATION	GOBP_PROTEIN_DEUBIQUITINATION		46	-0.16522531	-1.3805707	0.074074075	0.38323048	1.0	3519	tags=91%, list=71%, signal=311%	
GOBP_ESTABLISHMENT_OF_SPINDLE_ORIENTATION	GOBP_ESTABLISHMENT_OF_SPINDLE_ORIENTATION		18	-0.2539029	-1.3798469	0.112	0.378959	1.0	1578	tags=67%, list=32%, signal=97%	
GOBP_NEGATIVE_REGULATION_OF_CANONICAL_WNT_SIGNALING_PATHWAY	GOBP_NEGATIVE_REGULATION_OF_CANONICAL_WNT_SIGNALING_PATHWAY		26	-0.21532747	-1.3775408	0.125	0.37810084	1.0	3298	tags=92%, list=66%, signal=274%	
GOBP_REGULATION_OF_PROTEIN_TYROSINE_KINASE_ACTIVITY	GOBP_REGULATION_OF_PROTEIN_TYROSINE_KINASE_ACTIVITY		17	-0.26034245	-1.3753911	0.06666667	0.37719125	1.0	2478	tags=82%, list=50%, signal=164%	
GOMF_BETA_CATENIN_BINDING	GOMF_BETA_CATENIN_BINDING		25	-0.21407455	-1.3658717	0.12222222	0.38919964	1.0	2681	tags=84%, list=54%, signal=182%	
GOBP_REGULATION_OF_NOTCH_SIGNALING_PATHWAY	GOBP_REGULATION_OF_NOTCH_SIGNALING_PATHWAY		18	-0.25407183	-1.3655714	0.13178295	0.38475037	1.0	2264	tags=83%, list=46%, signal=153%	
GOBP_MRNA_POLYADENYLATION	GOBP_MRNA_POLYADENYLATION		17	-0.25548986	-1.3592696	0.13333334	0.39146087	1.0	2909	tags=88%, list=59%, signal=212%	
GOBP_REGULATION_OF_CANONICAL_WNT_SIGNALING_PATHWAY	GOBP_REGULATION_OF_CANONICAL_WNT_SIGNALING_PATHWAY		65	-0.13114023	-1.3545891	0.0625	0.3946978	1.0	3298	tags=86%, list=66%, signal=253%	
GOMF_CYSTEINE_TYPE_ENDOPEPTIDASE_ACTIVITY	GOMF_CYSTEINE_TYPE_ENDOPEPTIDASE_ACTIVITY		26	-0.20867264	-1.3469933	0.09803922	0.4032656	1.0	3419	tags=92%, list=69%, signal=295%	
GOBP_REGULATION_OF_DENDRITIC_SPINE_DEVELOPMENT	GOBP_REGULATION_OF_DENDRITIC_SPINE_DEVELOPMENT		37	-0.17958562	-1.3316048	0.15686275	0.42636484	1.0	2808	tags=81%, list=57%, signal=185%	
GOMF_UBIQUITIN_LIKE_PROTEIN_CONJUGATING_ENZYME_ACTIVITY	GOMF_UBIQUITIN_LIKE_PROTEIN_CONJUGATING_ENZYME_ACTIVITY		21	-0.22680911	-1.327005	0.14393939	0.43040672	1.0	2761	tags=86%, list=56%, signal=192%	
GOMF_PEPTIDE_LYSINE_N_ACETYLTRANSFERASE_ACTIVITY	GOMF_PEPTIDE_LYSINE_N_ACETYLTRANSFERASE_ACTIVITY		25	-0.22229297	-1.3252702	0.12790698	0.4285986	1.0	3333	tags=92%, list=67%, signal=279%	
GOBP_NEGATIVE_REGULATION_OF_TRANSPORTER_ACTIVITY	GOBP_NEGATIVE_REGULATION_OF_TRANSPORTER_ACTIVITY		25	-0.2112879	-1.3206646	0.13559322	0.43244234	1.0	2818	tags=84%, list=57%, signal=193%	
GOBP_POSITIVE_REGULATION_OF_JNK_CASCADE	GOBP_POSITIVE_REGULATION_OF_JNK_CASCADE		19	-0.2561994	-1.3199213	0.10344828	0.42844966	1.0	3205	tags=95%, list=65%, signal=266%	
GOMF_POLY_A_BINDING	GOMF_POLY_A_BINDING		15	-0.26272255	-1.315141	0.14634146	0.4319299	1.0	3239	tags=93%, list=65%, signal=268%	
GOBP_THYMUS_DEVELOPMENT	GOBP_THYMUS_DEVELOPMENT		19	-0.23764068	-1.3083296	0.17213115	0.43982303	1.0	3396	tags=95%, list=68%, signal=299%	
GOBP_HEMATOPOIETIC_STEM_CELL_PROLIFERATION	GOBP_HEMATOPOIETIC_STEM_CELL_PROLIFERATION		15	-0.2672318	-1.3064018	0.17088607	0.4387972	1.0	2767	tags=87%, list=56%, signal=195%	
GOMF_PHOSPHATIDYLINOSITOL_BISPHOSPHATE_BINDING	GOMF_PHOSPHATIDYLINOSITOL_BISPHOSPHATE_BINDING		30	-0.18732463	-1.2998847	0.15	0.4468546	1.0	1814	tags=67%, list=37%, signal=104%	
GOMF_DNA_BINDING_TRANSCRIPTION_ACTIVATOR_ACTIVITY	GOMF_DNA_BINDING_TRANSCRIPTION_ACTIVATOR_ACTIVITY		51	-0.14652851	-1.2870067	0.16	0.46683636	1.0	1540	tags=59%, list=31%, signal=84%	
GOBP_POSITIVE_REGULATION_OF_TRANSMEMBRANE_RECEPTOR_PROTEIN_SERINE_THREONINE_KINASE_SIGNALING_PATHWAY	GOBP_POSITIVE_REGULATION_OF_TRANSMEMBRANE_RECEPTOR_PROTEIN_SERINE_THREONINE_KINASE_SIGNALING_PATHWAY		21	-0.22735918	-1.2853674	0.14285715	0.46454823	1.0	1186	tags=57%, list=24%, signal=75%	
GOMF_PHOSPHATIDYLINOSITOL_PHOSPHATE_BINDING	GOMF_PHOSPHATIDYLINOSITOL_PHOSPHATE_BINDING		59	-0.12943788	-1.279407	0.08695652	0.47074965	1.0	2122	tags=68%, list=43%, signal=117%	
GOCC_MRNA_CLEAVAGE_AND_POLYADENYLATION_SPECIFICITY_FACTOR_COMPLEX	GOCC_MRNA_CLEAVAGE_AND_POLYADENYLATION_SPECIFICITY_FACTOR_COMPLEX		16	-0.2632574	-1.2774693	0.1594203	0.469736	1.0	2878	tags=88%, list=58%, signal=208%	
GOBP_MEMORY	GOBP_MEMORY		25	-0.19864699	-1.261199	0.17757009	0.49852383	1.0	2778	tags=84%, list=56%, signal=190%	
GOBP_BODY_MORPHOGENESIS	GOBP_BODY_MORPHOGENESIS		20	-0.23676655	-1.260343	0.16058394	0.4949423	1.0	2692	tags=85%, list=54%, signal=185%	
GOBP_STRESS_GRANULE_ASSEMBLY	GOBP_STRESS_GRANULE_ASSEMBLY		24	-0.19320203	-1.2599005	0.1923077	0.4906274	1.0	2109	tags=71%, list=42%, signal=123%	
GOMF_NUCLEAR_ANDROGEN_RECEPTOR_BINDING	GOMF_NUCLEAR_ANDROGEN_RECEPTOR_BINDING		17	-0.23251112	-1.245176	0.18120806	0.51652795	1.0	3814	tags=100%, list=77%, signal=430%	
GOBP_HINDBRAIN_DEVELOPMENT	GOBP_HINDBRAIN_DEVELOPMENT		47	-0.14700156	-1.2371856	0.15384616	0.5281885	1.0	3912	tags=96%, list=79%, signal=448%	
GOMF_DEUBIQUITINASE_ACTIVITY	GOMF_DEUBIQUITINASE_ACTIVITY		40	-0.14991099	-1.2327043	0.1521739	0.5324925	1.0	3519	tags=90%, list=71%, signal=307%	
GOBP_ESTABLISHMENT_OF_TISSUE_POLARITY	GOBP_ESTABLISHMENT_OF_TISSUE_POLARITY		15	-0.25054154	-1.2301551	0.18791947	0.53292215	1.0	2681	tags=87%, list=54%, signal=188%	
GOBP_POSITIVE_REGULATION_OF_PROTEIN_CONTAINING_COMPLEX_DISASSEMBLY	GOBP_POSITIVE_REGULATION_OF_PROTEIN_CONTAINING_COMPLEX_DISASSEMBLY		17	-0.24803476	-1.2295582	0.20547946	0.5287098	1.0	2947	tags=88%, list=59%, signal=216%	
GOBP_REGULATION_OF_ACTIN_NUCLEATION	GOBP_REGULATION_OF_ACTIN_NUCLEATION		19	-0.22350667	-1.2289201	0.208	0.5248425	1.0	2460	tags=79%, list=50%, signal=156%	
GOMF_POLYUBIQUITIN_MODIFICATION_DEPENDENT_PROTEIN_BINDING	GOMF_POLYUBIQUITIN_MODIFICATION_DEPENDENT_PROTEIN_BINDING		31	-0.1688151	-1.2205861	0.14772727	0.538082	1.0	2319	tags=77%, list=47%, signal=144%	
GOCC_ADHERENS_JUNCTION	GOCC_ADHERENS_JUNCTION		42	-0.14468372	-1.218792	0.26190478	0.5369562	1.0	1475	tags=57%, list=30%, signal=81%	
GOBP_REGULATION_OF_ARP2_3_COMPLEX_MEDIATED_ACTIN_NUCLEATION	GOBP_REGULATION_OF_ARP2_3_COMPLEX_MEDIATED_ACTIN_NUCLEATION		16	-0.2495064	-1.21819	0.1923077	0.5330619	1.0	2460	tags=81%, list=50%, signal=161%	
GOBP_METAPHASE_ANAPHASE_TRANSITION_OF_CELL_CYCLE	GOBP_METAPHASE_ANAPHASE_TRANSITION_OF_CELL_CYCLE		54	-0.13901329	-1.2176094	0.18181819	0.5290292	1.0	3731	tags=93%, list=75%, signal=369%	
GOBP_MRNA_CIS_SPLICING_VIA_SPLICEOSOME	GOBP_MRNA_CIS_SPLICING_VIA_SPLICEOSOME		17	-0.22745652	-1.2132636	0.234375	0.532892	1.0	3839	tags=100%, list=77%, signal=440%	
GOBP_PROTEIN_LOCALIZATION_TO_CELL_SURFACE	GOBP_PROTEIN_LOCALIZATION_TO_CELL_SURFACE		27	-0.18214777	-1.2117698	0.14864865	0.531587	1.0	2797	tags=81%, list=56%, signal=186%	
GOBP_CELL_VOLUME_HOMEOSTASIS	GOBP_CELL_VOLUME_HOMEOSTASIS		17	-0.22833398	-1.2108556	0.17880794	0.52860755	1.0	1829	tags=71%, list=37%, signal=111%	
GOBP_NEGATIVE_REGULATION_OF_EPITHELIAL_CELL_MIGRATION	GOBP_NEGATIVE_REGULATION_OF_EPITHELIAL_CELL_MIGRATION		15	-0.255965	-1.2060435	0.23076923	0.534126	1.0	2655	tags=87%, list=53%, signal=186%	
GOBP_POSITIVE_REGULATION_OF_ENDOTHELIAL_CELL_MIGRATION	GOBP_POSITIVE_REGULATION_OF_ENDOTHELIAL_CELL_MIGRATION		24	-0.19747426	-1.2051761	0.2038835	0.5313221	1.0	2955	tags=88%, list=60%, signal=215%	
GOBP_ESTABLISHMENT_OF_PROTEIN_LOCALIZATION_TO_PLASMA_MEMBRANE	GOBP_ESTABLISHMENT_OF_PROTEIN_LOCALIZATION_TO_PLASMA_MEMBRANE		39	-0.14453268	-1.2050805	0.15	0.52674365	1.0	2961	tags=82%, list=60%, signal=202%	
GOBP_MESODERM_DEVELOPMENT	GOBP_MESODERM_DEVELOPMENT		28	-0.18338238	-1.2020994	0.1764706	0.528659	1.0	1665	tags=64%, list=34%, signal=96%	
GOBP_REGULATION_OF_PROTEIN_LOCALIZATION_TO_CELL_SURFACE	GOBP_REGULATION_OF_PROTEIN_LOCALIZATION_TO_CELL_SURFACE		17	-0.22877565	-1.2020491	0.19753087	0.52399504	1.0	1866	tags=71%, list=38%, signal=113%	
GOBP_MESODERM_MORPHOGENESIS	GOBP_MESODERM_MORPHOGENESIS		18	-0.22834635	-1.2015146	0.24615385	0.5206212	1.0	2082	tags=78%, list=42%, signal=133%	
GOBP_REGULATION_OF_SODIUM_ION_TRANSMEMBRANE_TRANSPORTER_ACTIVITY	GOBP_REGULATION_OF_SODIUM_ION_TRANSMEMBRANE_TRANSPORTER_ACTIVITY		17	-0.21686311	-1.1944654	0.22068965	0.5311766	1.0	3471	tags=94%, list=70%, signal=312%	
GOBP_TORC1_SIGNALING	GOBP_TORC1_SIGNALING		46	-0.13184845	-1.1810143	0.1875	0.5561253	1.0	2628	tags=74%, list=53%, signal=156%	
GOBP_GASTRULATION	GOBP_GASTRULATION		55	-0.11954672	-1.1787833	0.2	0.5564664	1.0	1692	tags=58%, list=34%, signal=87%	
GOBP_NEGATIVE_REGULATION_OF_CALCIUM_ION_TRANSPORT	GOBP_NEGATIVE_REGULATION_OF_CALCIUM_ION_TRANSPORT		15	-0.23706146	-1.178651	0.23595506	0.55204904	1.0	2788	tags=87%, list=56%, signal=197%	
GOBP_REGULATION_OF_MONONUCLEAR_CELL_MIGRATION	GOBP_REGULATION_OF_MONONUCLEAR_CELL_MIGRATION		24	-0.1953352	-1.1734507	0.23762377	0.5585864	1.0	3396	tags=92%, list=68%, signal=289%	
GOBP_ENDODERM_FORMATION	GOBP_ENDODERM_FORMATION		16	-0.23190449	-1.1701027	0.2792208	0.56055164	1.0	2007	tags=75%, list=40%, signal=126%	
GOBP_ACTIVATION_OF_GTPASE_ACTIVITY	GOBP_ACTIVATION_OF_GTPASE_ACTIVITY		30	-0.16145492	-1.166327	0.22727273	0.56463903	1.0	2445	tags=73%, list=49%, signal=144%	
GOBP_UBIQUITIN_DEPENDENT_PROTEIN_CATABOLIC_PROCESS_VIA_THE_MULTIVESICULAR_BODY_SORTING_PATHWAY	GOBP_UBIQUITIN_DEPENDENT_PROTEIN_CATABOLIC_PROCESS_VIA_THE_MULTIVESICULAR_BODY_SORTING_PATHWAY		22	-0.18574418	-1.1650448	0.22429906	0.5626732	1.0	2755	tags=82%, list=56%, signal=183%	
GOBP_REGULATION_OF_WNT_SIGNALING_PATHWAY	GOBP_REGULATION_OF_WNT_SIGNALING_PATHWAY		82	-0.09155609	-1.1589612	0.27272728	0.57153034	1.0	3298	tags=84%, list=66%, signal=247%	
GOMF_SIGNALING_ADAPTOR_ACTIVITY	GOMF_SIGNALING_ADAPTOR_ACTIVITY		34	-0.1540035	-1.1510386	0.23880596	0.5851271	1.0	1948	tags=65%, list=39%, signal=106%	
GOBP_NEGATIVE_REGULATION_OF_ACTIN_FILAMENT_DEPOLYMERIZATION	GOBP_NEGATIVE_REGULATION_OF_ACTIN_FILAMENT_DEPOLYMERIZATION		28	-0.1788382	-1.1501944	0.26436782	0.5824368	1.0	3560	tags=93%, list=72%, signal=327%	
GOMF_INORGANIC_ANION_TRANSMEMBRANE_TRANSPORTER_ACTIVITY	GOMF_INORGANIC_ANION_TRANSMEMBRANE_TRANSPORTER_ACTIVITY		18	-0.21961577	-1.1497376	0.2734375	0.5788882	1.0	3878	tags=100%, list=78%, signal=456%	
GOBP_REGULATION_OF_ENDOPLASMIC_RETICULUM_STRESS_INDUCED_INTRINSIC_APOPTOTIC_SIGNALING_PATHWAY	GOBP_REGULATION_OF_ENDOPLASMIC_RETICULUM_STRESS_INDUCED_INTRINSIC_APOPTOTIC_SIGNALING_PATHWAY		15	-0.23347755	-1.1455778	0.25974026	0.58401036	1.0	3311	tags=93%, list=67%, signal=280%	
GOBP_METENCEPHALON_DEVELOPMENT	GOBP_METENCEPHALON_DEVELOPMENT		34	-0.1495238	-1.1424216	0.27631578	0.5860359	1.0	3781	tags=94%, list=76%, signal=392%	
GOBP_REGULATION_OF_MYOBLAST_DIFFERENTIATION	GOBP_REGULATION_OF_MYOBLAST_DIFFERENTIATION		25	-0.18506175	-1.1413025	0.29	0.5841171	1.0	3731	tags=96%, list=75%, signal=385%	
GOBP_NEGATIVE_REGULATION_OF_PROTEIN_SECRETION	GOBP_NEGATIVE_REGULATION_OF_PROTEIN_SECRETION		17	-0.2131401	-1.139141	0.27857143	0.58404934	1.0	3506	tags=94%, list=71%, signal=319%	
GOBP_INSULIN_LIKE_GROWTH_FACTOR_RECEPTOR_SIGNALING_PATHWAY	GOBP_INSULIN_LIKE_GROWTH_FACTOR_RECEPTOR_SIGNALING_PATHWAY		20	-0.21431017	-1.1382303	0.26923078	0.5814022	1.0	2559	tags=80%, list=52%, signal=164%	
GOCC_MICROTUBULE_END	GOCC_MICROTUBULE_END		19	-0.20890234	-1.134712	0.2746479	0.5846165	1.0	2893	tags=89%, list=58%, signal=214%	
GOBP_NEGATIVE_REGULATION_OF_ACTIN_FILAMENT_BUNDLE_ASSEMBLY	GOBP_NEGATIVE_REGULATION_OF_ACTIN_FILAMENT_BUNDLE_ASSEMBLY		15	-0.24359703	-1.1323906	0.28176796	0.5850062	1.0	1098	tags=60%, list=22%, signal=77%	
GOBP_POSITIVE_REGULATION_OF_CANONICAL_WNT_SIGNALING_PATHWAY	GOBP_POSITIVE_REGULATION_OF_CANONICAL_WNT_SIGNALING_PATHWAY		36	-0.13972874	-1.1298337	0.26923078	0.5862844	1.0	2230	tags=69%, list=45%, signal=125%	
GOBP_INTERFERON_MEDIATED_SIGNALING_PATHWAY	GOBP_INTERFERON_MEDIATED_SIGNALING_PATHWAY		26	-0.18024813	-1.125321	0.30337077	0.591814	1.0	3372	tags=92%, list=68%, signal=286%	
GOBP_NEGATIVE_REGULATION_OF_PROTEIN_LOCALIZATION	GOBP_NEGATIVE_REGULATION_OF_PROTEIN_LOCALIZATION		83	-0.10298868	-1.1209517	0.5	0.59683794	1.0	2837	tags=80%, list=57%, signal=183%	
GOBP_POSITIVE_REGULATION_OF_GROWTH	GOBP_POSITIVE_REGULATION_OF_GROWTH		97	-0.081947856	-1.1177056	0.16666667	0.5996959	1.0	3138	tags=79%, list=63%, signal=212%	
GOBP_REGULATION_OF_EPITHELIAL_CELL_APOPTOTIC_PROCESS	GOBP_REGULATION_OF_EPITHELIAL_CELL_APOPTOTIC_PROCESS		33	-0.15630983	-1.1171389	0.3015873	0.5966033	1.0	2751	tags=79%, list=55%, signal=176%	
GOCC_MULTIVESICULAR_BODY	GOCC_MULTIVESICULAR_BODY		18	-0.20639825	-1.111232	0.22377622	0.60561895	1.0	2000	tags=72%, list=40%, signal=121%	
GOCC_TIGHT_JUNCTION	GOCC_TIGHT_JUNCTION		35	-0.14279857	-1.1103834	0.3137255	0.6033544	1.0	3106	tags=86%, list=63%, signal=227%	
GOMF_MYOSIN_PHOSPHATASE_ACTIVITY	GOMF_MYOSIN_PHOSPHATASE_ACTIVITY		27	-0.1690969	-1.1055673	0.27631578	0.60991436	1.0	3375	tags=89%, list=68%, signal=276%	
GOBP_RESPONSE_TO_AMINO_ACID_STARVATION	GOBP_RESPONSE_TO_AMINO_ACID_STARVATION		20	-0.18794255	-1.1035258	0.29268292	0.6103238	1.0	4035	tags=100%, list=81%, signal=533%	
GOBP_REGULATION_OF_GLUCOSE_TRANSMEMBRANE_TRANSPORT	GOBP_REGULATION_OF_GLUCOSE_TRANSMEMBRANE_TRANSPORT		23	-0.17715901	-1.1033229	0.37755102	0.60651714	1.0	3285	tags=91%, list=66%, signal=269%	
GOBP_NEGATIVE_REGULATION_OF_ENDOCYTOSIS	GOBP_NEGATIVE_REGULATION_OF_ENDOCYTOSIS		27	-0.16593324	-1.1025907	0.2962963	0.60393304	1.0	2559	tags=78%, list=52%, signal=160%	
GOBP_CELL_FATE_SPECIFICATION	GOBP_CELL_FATE_SPECIFICATION		21	-0.19526245	-1.1020207	0.30555555	0.60098433	1.0	3661	tags=95%, list=74%, signal=361%	
GOBP_NEURON_MIGRATION	GOBP_NEURON_MIGRATION		47	-0.1251231	-1.1009009	0.32352942	0.5993643	1.0	3547	tags=89%, list=71%, signal=310%	
GOCC_AUTOPHAGOSOME_MEMBRANE	GOCC_AUTOPHAGOSOME_MEMBRANE		21	-0.18594809	-1.0988861	0.3220339	0.5993922	1.0	1378	tags=62%, list=28%, signal=85%	
GOMF_PHOSPHATASE_REGULATOR_ACTIVITY	GOMF_PHOSPHATASE_REGULATOR_ACTIVITY		35	-0.15201011	-1.0938665	0.28070176	0.60671973	1.0	2435	tags=77%, list=49%, signal=150%	
GOCC_DYNEIN_COMPLEX	GOCC_DYNEIN_COMPLEX		17	-0.20474294	-1.0908048	0.3312102	0.6093796	1.0	3409	tags=94%, list=69%, signal=300%	
GOBP_REGULATION_OF_CHROMATIN_ORGANIZATION	GOBP_REGULATION_OF_CHROMATIN_ORGANIZATION		28	-0.1587106	-1.0815611	0.36842105	0.6249668	1.0	3868	tags=96%, list=78%, signal=435%	
GOBP_REGULATION_OF_SISTER_CHROMATID_SEGREGATION	GOBP_REGULATION_OF_SISTER_CHROMATID_SEGREGATION		59	-0.12523165	-1.0795307	0.31578946	0.62541765	1.0	3731	tags=92%, list=75%, signal=364%	
GOBP_NEURON_PROJECTION_ORGANIZATION	GOBP_NEURON_PROJECTION_ORGANIZATION		38	-0.13959779	-1.0747099	0.3018868	0.63181955	1.0	2961	tags=82%, list=60%, signal=201%	
GOBP_NEGATIVE_REGULATION_OF_PROTEIN_CONTAINING_COMPLEX_DISASSEMBLY	GOBP_NEGATIVE_REGULATION_OF_PROTEIN_CONTAINING_COMPLEX_DISASSEMBLY		46	-0.1282569	-1.0739541	0.37142858	0.6293798	1.0	3420	tags=89%, list=69%, signal=284%	
GOBP_L_ALPHA_AMINO_ACID_TRANSMEMBRANE_TRANSPORT	GOBP_L_ALPHA_AMINO_ACID_TRANSMEMBRANE_TRANSPORT		15	-0.22115223	-1.0729791	0.32	0.6272311	1.0	3337	tags=93%, list=67%, signal=284%	
GOMF_PEPTIDE_N_ACETYLTRANSFERASE_ACTIVITY	GOMF_PEPTIDE_N_ACETYLTRANSFERASE_ACTIVITY		28	-0.15572557	-1.0683925	0.36486486	0.6334105	1.0	3905	tags=96%, list=79%, signal=450%	
GOBP_INTERFERON_BETA_PRODUCTION	GOBP_INTERFERON_BETA_PRODUCTION		20	-0.18491659	-1.0677619	0.33333334	0.6308061	1.0	3313	tags=90%, list=67%, signal=270%	
GOBP_SPERMATID_DIFFERENTIATION	GOBP_SPERMATID_DIFFERENTIATION		45	-0.11912391	-1.0645479	0.33333334	0.6336105	1.0	1229	tags=49%, list=25%, signal=64%	
GOBP_INSULIN_SECRETION_INVOLVED_IN_CELLULAR_RESPONSE_TO_GLUCOSE_STIMULUS	GOBP_INSULIN_SECRETION_INVOLVED_IN_CELLULAR_RESPONSE_TO_GLUCOSE_STIMULUS		25	-0.16744994	-1.0623975	0.34042552	0.6342099	1.0	3032	tags=84%, list=61%, signal=215%	
GOBP_POSITIVE_REGULATION_OF_SODIUM_ION_TRANSPORT	GOBP_POSITIVE_REGULATION_OF_SODIUM_ION_TRANSPORT		16	-0.21411933	-1.0601687	0.34415585	0.63498145	1.0	2682	tags=81%, list=54%, signal=176%	
GOCC_SPINDLE_MIDZONE	GOCC_SPINDLE_MIDZONE		19	-0.19332497	-1.0576843	0.37209302	0.6368564	1.0	1698	tags=63%, list=34%, signal=96%	
GOBP_POSITIVE_REGULATION_OF_ORGAN_GROWTH	GOBP_POSITIVE_REGULATION_OF_ORGAN_GROWTH		16	-0.21002628	-1.0548049	0.31944445	0.6391857	1.0	3925	tags=100%, list=79%, signal=477%	
GOBP_REGULATION_OF_POTASSIUM_ION_TRANSMEMBRANE_TRANSPORT	GOBP_REGULATION_OF_POTASSIUM_ION_TRANSMEMBRANE_TRANSPORT		25	-0.15788798	-1.0478736	0.37777779	0.6504784	1.0	2818	tags=84%, list=57%, signal=193%	
GOBP_POSITIVE_REGULATION_OF_MYOBLAST_DIFFERENTIATION	GOBP_POSITIVE_REGULATION_OF_MYOBLAST_DIFFERENTIATION		22	-0.17867452	-1.0425009	0.33333334	0.6583786	1.0	3731	tags=95%, list=75%, signal=383%	
GOBP_ANTERIOR_POSTERIOR_PATTERN_SPECIFICATION	GOBP_ANTERIOR_POSTERIOR_PATTERN_SPECIFICATION		43	-0.12603408	-1.0413965	0.375	0.6567529	1.0	791	tags=42%, list=16%, signal=49%	
GOBP_SYNAPTIC_VESICLE_EXOCYTOSIS	GOBP_SYNAPTIC_VESICLE_EXOCYTOSIS		31	-0.14858474	-1.036336	0.3188406	0.66415006	1.0	2841	tags=81%, list=57%, signal=187%	
GOBP_POSITIVE_REGULATION_OF_NUCLEOCYTOPLASMIC_TRANSPORT	GOBP_POSITIVE_REGULATION_OF_NUCLEOCYTOPLASMIC_TRANSPORT		36	-0.13484828	-1.0329	0.375	0.668084	1.0	4092	tags=97%, list=82%, signal=550%	
GOBP_CILIUM_MOVEMENT	GOBP_CILIUM_MOVEMENT		22	-0.17353685	-1.0323842	0.36585367	0.66502315	1.0	2893	tags=82%, list=58%, signal=195%	
GOBP_AMINE_TRANSPORT	GOBP_AMINE_TRANSPORT		17	-0.19992562	-1.0264175	0.392	0.67378443	1.0	1960	tags=71%, list=39%, signal=116%	
GOBP_FACE_DEVELOPMENT	GOBP_FACE_DEVELOPMENT		21	-0.18049373	-1.0257802	0.37956205	0.67123693	1.0	4072	tags=100%, list=82%, signal=555%	
GOBP_REGULATION_OF_PROTEIN_DEPOLYMERIZATION	GOBP_REGULATION_OF_PROTEIN_DEPOLYMERIZATION		50	-0.11146938	-1.025725	0.38235295	0.66740906	1.0	2947	tags=80%, list=59%, signal=195%	
GOBP_INORGANIC_ANION_TRANSPORT	GOBP_INORGANIC_ANION_TRANSPORT		22	-0.16673861	-1.0234199	0.3888889	0.6684233	1.0	1805	tags=64%, list=36%, signal=100%	
GOMF_PROTEIN_SERINE_THREONINE_PHOSPHATASE_ACTIVITY	GOMF_PROTEIN_SERINE_THREONINE_PHOSPHATASE_ACTIVITY		32	-0.14715703	-1.0212189	0.41269842	0.6697407	1.0	3375	tags=88%, list=68%, signal=272%	
GOBP_LAMELLIPODIUM_ORGANIZATION	GOBP_LAMELLIPODIUM_ORGANIZATION		42	-0.13784954	-1.0185362	0.33333334	0.67165864	1.0	3046	tags=83%, list=61%, signal=214%	
GOBP_CELLULAR_COMPONENT_MAINTENANCE	GOBP_CELLULAR_COMPONENT_MAINTENANCE		23	-0.17204106	-1.0112654	0.42708334	0.68425256	1.0	2961	tags=87%, list=60%, signal=215%	
GOBP_TELOMERE_CAPPING	GOBP_TELOMERE_CAPPING		21	-0.16908558	-1.0110513	0.44067797	0.68075943	1.0	3396	tags=90%, list=68%, signal=285%	
GOBP_NEGATIVE_REGULATION_OF_WNT_SIGNALING_PATHWAY	GOBP_NEGATIVE_REGULATION_OF_WNT_SIGNALING_PATHWAY		34	-0.13542196	-1.0083712	0.41379312	0.6827606	1.0	3298	tags=88%, list=66%, signal=261%	
GOBP_POSITIVE_REGULATION_OF_CELL_GROWTH	GOBP_POSITIVE_REGULATION_OF_CELL_GROWTH		71	-0.0990585	-1.005402	0.41666666	0.6852311	1.0	3700	tags=90%, list=75%, signal=349%	
GOBP_ENDODERMAL_CELL_DIFFERENTIATION	GOBP_ENDODERMAL_CELL_DIFFERENTIATION		15	-0.20767793	-1.0046351	0.4566474	0.6831343	1.0	2007	tags=73%, list=40%, signal=123%	
GOBP_REGULATION_OF_OSSIFICATION	GOBP_REGULATION_OF_OSSIFICATION		20	-0.17615539	-1.0028678	0.3880597	0.6830629	1.0	3396	tags=90%, list=68%, signal=284%	
GOBP_ER_NUCLEUS_SIGNALING_PATHWAY	GOBP_ER_NUCLEUS_SIGNALING_PATHWAY		20	-0.1757921	-1.0023848	0.42519686	0.68043303	1.0	3757	tags=95%, list=76%, signal=389%	
GOBP_ADENYLATE_CYCLASE_MODULATING_G_PROTEIN_COUPLED_RECEPTOR_SIGNALING_PATHWAY	GOBP_ADENYLATE_CYCLASE_MODULATING_G_PROTEIN_COUPLED_RECEPTOR_SIGNALING_PATHWAY		23	-0.15945978	-0.9941439	0.46391752	0.6954688	1.0	2970	tags=87%, list=60%, signal=216%	
GOMF_UBIQUITIN_BINDING	GOMF_UBIQUITIN_BINDING		53	-0.117679514	-0.9912203	0.5263158	0.6980714	1.0	2622	tags=75%, list=53%, signal=158%	
GOBP_NEGATIVE_REGULATION_OF_ACTIN_FILAMENT_POLYMERIZATION	GOBP_NEGATIVE_REGULATION_OF_ACTIN_FILAMENT_POLYMERIZATION		36	-0.12421352	-0.9879746	0.47368422	0.70137066	1.0	4352	tags=100%, list=88%, signal=806%	
GOBP_REGULATION_OF_DENDRITE_MORPHOGENESIS	GOBP_REGULATION_OF_DENDRITE_MORPHOGENESIS		38	-0.12507713	-0.9865693	0.4814815	0.7006872	1.0	3199	tags=87%, list=64%, signal=242%	
GOBP_POSITIVE_REGULATION_OF_MICROTUBULE_POLYMERIZATION_OR_DEPOLYMERIZATION	GOBP_POSITIVE_REGULATION_OF_MICROTUBULE_POLYMERIZATION_OR_DEPOLYMERIZATION		20	-0.17500804	-0.986546	0.46031746	0.69698554	1.0	1578	tags=65%, list=32%, signal=95%	
GOBP_POSITIVE_REGULATION_OF_DEVELOPMENTAL_GROWTH	GOBP_POSITIVE_REGULATION_OF_DEVELOPMENTAL_GROWTH		61	-0.0971448	-0.97437274	0.48	0.72011274	1.0	3137	tags=82%, list=63%, signal=220%	
GOBP_PROTEIN_DEPOLYMERIZATION	GOBP_PROTEIN_DEPOLYMERIZATION		66	-0.09579126	-0.9743662	0.5	0.71627903	1.0	2951	tags=79%, list=59%, signal=192%	
GOBP_RETROGRADE_TRANSPORT_ENDOSOME_TO_GOLGI	GOBP_RETROGRADE_TRANSPORT_ENDOSOME_TO_GOLGI		45	-0.11967194	-0.9706313	0.5	0.720464	1.0	2899	tags=78%, list=58%, signal=185%	
GOCC_RNA_CAP_BINDING_COMPLEX	GOCC_RNA_CAP_BINDING_COMPLEX		16	-0.19859704	-0.9704963	0.4676259	0.7170206	1.0	3526	tags=94%, list=71%, signal=323%	
GOBP_CELL_MATURATION	GOBP_CELL_MATURATION		31	-0.1274	-0.96691954	0.46753246	0.72106504	1.0	2495	tags=74%, list=50%, signal=148%	
GOCC_INTERCELLULAR_BRIDGE	GOCC_INTERCELLULAR_BRIDGE		42	-0.110646956	-0.9658125	0.54901963	0.7199923	1.0	3418	tags=88%, list=69%, signal=281%	
GOBP_CHEMOKINE_PRODUCTION	GOBP_CHEMOKINE_PRODUCTION		16	-0.19471072	-0.96014625	0.503268	0.7287816	1.0	1194	tags=56%, list=24%, signal=74%	
GOBP_AXIS_SPECIFICATION	GOBP_AXIS_SPECIFICATION		17	-0.18115649	-0.955024	0.5197368	0.7356554	1.0	4068	tags=100%, list=82%, signal=553%	
GOBP_MORPHOGENESIS_OF_AN_EPITHELIAL_SHEET	GOBP_MORPHOGENESIS_OF_AN_EPITHELIAL_SHEET		16	-0.1917673	-0.9510244	0.5644172	0.7405004	1.0	2562	tags=81%, list=52%, signal=167%	
GOBP_CELL_FATE_COMMITMENT	GOBP_CELL_FATE_COMMITMENT		47	-0.10389226	-0.9432716	0.45714286	0.7538419	1.0	2083	tags=62%, list=42%, signal=105%	
GOBP_MICROTUBULE_CYTOSKELETON_ORGANIZATION_INVOLVED_IN_MITOSIS	GOBP_MICROTUBULE_CYTOSKELETON_ORGANIZATION_INVOLVED_IN_MITOSIS		81	-0.09376377	-0.9414948	0.5	0.75364053	1.0	1578	tags=53%, list=32%, signal=77%	
GOMF_SNAP_RECEPTOR_ACTIVITY	GOMF_SNAP_RECEPTOR_ACTIVITY		16	-0.1920331	-0.93820816	0.53246754	0.7566536	1.0	746	tags=50%, list=15%, signal=59%	
GOBP_SPECIFICATION_OF_SYMMETRY	GOBP_SPECIFICATION_OF_SYMMETRY		23	-0.14995475	-0.9283869	0.5	0.7741592	1.0	1849	tags=65%, list=37%, signal=103%	
GOBP_DORSAL_VENTRAL_PATTERN_FORMATION	GOBP_DORSAL_VENTRAL_PATTERN_FORMATION		16	-0.18617344	-0.9276905	0.540146	0.7719003	1.0	4043	tags=100%, list=81%, signal=538%	
GOBP_REGULATION_OF_SPINDLE_ASSEMBLY	GOBP_REGULATION_OF_SPINDLE_ASSEMBLY		16	-0.18508169	-0.9269779	0.54347825	0.76948726	1.0	2383	tags=75%, list=48%, signal=144%	
GOBP_NEGATIVE_REGULATION_OF_MRNA_CATABOLIC_PROCESS	GOBP_NEGATIVE_REGULATION_OF_MRNA_CATABOLIC_PROCESS		33	-0.12686351	-0.92592216	0.5652174	0.7677905	1.0	3924	tags=94%, list=79%, signal=446%	
GOBP_CARDIAC_MUSCLE_CELL_PROLIFERATION	GOBP_CARDIAC_MUSCLE_CELL_PROLIFERATION		18	-0.17204694	-0.9183298	0.5797101	0.7804579	1.0	765	tags=44%, list=15%, signal=52%	
GOBP_REGULATION_OF_LAMELLIPODIUM_ORGANIZATION	GOBP_REGULATION_OF_LAMELLIPODIUM_ORGANIZATION		23	-0.1559267	-0.9173062	0.5416667	0.7787575	1.0	3046	tags=83%, list=61%, signal=213%	
GOBP_MICROTUBULE_BUNDLE_FORMATION	GOBP_MICROTUBULE_BUNDLE_FORMATION		18	-0.17473705	-0.9138271	0.52380955	0.7827758	1.0	1578	tags=61%, list=32%, signal=89%	
GOBP_MEMBRANE_FISSION	GOBP_MEMBRANE_FISSION		22	-0.15023457	-0.9129741	0.6296296	0.78071356	1.0	2243	tags=73%, list=45%, signal=132%	
GOBP_POSITIVE_REGULATION_OF_INTERFERON_BETA_PRODUCTION	GOBP_POSITIVE_REGULATION_OF_INTERFERON_BETA_PRODUCTION		16	-0.17760172	-0.9103195	0.6	0.78242844	1.0	3187	tags=88%, list=64%, signal=244%	
GOBP_POSITIVE_REGULATION_OF_STEM_CELL_POPULATION_MAINTENANCE	GOBP_POSITIVE_REGULATION_OF_STEM_CELL_POPULATION_MAINTENANCE		31	-0.12737466	-0.90937495	0.56962025	0.7807229	1.0	2580	tags=74%, list=52%, signal=154%	
GOBP_OLEFINIC_COMPOUND_METABOLIC_PROCESS	GOBP_OLEFINIC_COMPOUND_METABOLIC_PROCESS		17	-0.17650627	-0.9082008	0.5167785	0.7793444	1.0	4091	tags=100%, list=82%, signal=567%	
GOBP_REGULATION_OF_STRIATED_MUSCLE_CELL_DIFFERENTIATION	GOBP_REGULATION_OF_STRIATED_MUSCLE_CELL_DIFFERENTIATION		24	-0.13828711	-0.9043218	0.5925926	0.78385866	1.0	4281	tags=100%, list=86%, signal=724%	
GOBP_LATE_ENDOSOME_TO_VACUOLE_TRANSPORT	GOBP_LATE_ENDOSOME_TO_VACUOLE_TRANSPORT		21	-0.14938714	-0.9030694	0.6633663	0.7828528	1.0	1847	tags=62%, list=37%, signal=98%	
GOBP_REGULATION_OF_PROTEIN_SUMOYLATION	GOBP_REGULATION_OF_PROTEIN_SUMOYLATION		15	-0.18589184	-0.901367	0.5714286	0.7827621	1.0	1582	tags=67%, list=32%, signal=98%	
GOBP_ESTABLISHMENT_OF_MITOTIC_SPINDLE_LOCALIZATION	GOBP_ESTABLISHMENT_OF_MITOTIC_SPINDLE_LOCALIZATION		17	-0.17208605	-0.88831437	0.58598727	0.8063552	1.0	1578	tags=59%, list=32%, signal=86%	
GOBP_REGULATION_OF_POTASSIUM_ION_TRANSPORT	GOBP_REGULATION_OF_POTASSIUM_ION_TRANSPORT		27	-0.13599463	-0.88428986	0.57894737	0.8106229	1.0	2424	tags=74%, list=49%, signal=144%	
GOCC_PLASMA_MEMBRANE_BOUNDED_CELL_PROJECTION_CYTOPLASM	GOCC_PLASMA_MEMBRANE_BOUNDED_CELL_PROJECTION_CYTOPLASM		58	-0.0872251	-0.88346297	0.6086956	0.8086763	1.0	3607	tags=88%, list=73%, signal=318%	
GOBP_AUTOPHAGOSOME_ORGANIZATION	GOBP_AUTOPHAGOSOME_ORGANIZATION		52	-0.099266954	-0.87584686	0.65384614	0.82080543	1.0	2603	tags=75%, list=52%, signal=156%	
GOBP_NEGATIVE_REGULATION_OF_HORMONE_SECRETION	GOBP_NEGATIVE_REGULATION_OF_HORMONE_SECRETION		17	-0.16872585	-0.8751482	0.6183206	0.81833494	1.0	3719	tags=94%, list=75%, signal=374%	
GOBP_STEROL_TRANSPORT	GOBP_STEROL_TRANSPORT		32	-0.12224444	-0.87412685	0.6666667	0.8167427	1.0	2503	tags=72%, list=50%, signal=144%	
GOMF_NUCLEAR_RECEPTOR_COACTIVATOR_ACTIVITY	GOMF_NUCLEAR_RECEPTOR_COACTIVATOR_ACTIVITY		30	-0.13089342	-0.87040114	0.62711865	0.82104105	1.0	4057	tags=97%, list=82%, signal=526%	
GOBP_LUNG_EPITHELIUM_DEVELOPMENT	GOBP_LUNG_EPITHELIUM_DEVELOPMENT		18	-0.16107431	-0.86588997	0.625	0.82597375	1.0	1578	tags=61%, list=32%, signal=89%	
GOBP_NEGATIVE_REGULATION_OF_NUCLEAR_DIVISION	GOBP_NEGATIVE_REGULATION_OF_NUCLEAR_DIVISION		25	-0.1422674	-0.86550206	0.65	0.82305366	1.0	1170	tags=48%, list=24%, signal=62%	
GOBP_POSITIVE_REGULATION_OF_DENDRITIC_SPINE_MORPHOGENESIS	GOBP_POSITIVE_REGULATION_OF_DENDRITIC_SPINE_MORPHOGENESIS		16	-0.17290246	-0.8654754	0.67052025	0.8194028	1.0	3199	tags=88%, list=64%, signal=245%	
GOBP_POSITIVE_REGULATION_OF_WNT_SIGNALING_PATHWAY	GOBP_POSITIVE_REGULATION_OF_WNT_SIGNALING_PATHWAY		42	-0.10877877	-0.8624906	0.60465115	0.82151735	1.0	2310	tags=69%, list=47%, signal=128%	
GOBP_PHYSIOLOGICAL_CARDIAC_MUSCLE_HYPERTROPHY	GOBP_PHYSIOLOGICAL_CARDIAC_MUSCLE_HYPERTROPHY		17	-0.16619056	-0.8612203	0.6524823	0.8200095	1.0	1799	tags=65%, list=36%, signal=101%	
GOBP_MRNA_3_END_PROCESSING	GOBP_MRNA_3_END_PROCESSING		39	-0.10751646	-0.8561055	0.64705884	0.826455	1.0	2984	tags=79%, list=60%, signal=198%	
GOCC_NEURON_PROJECTION_TERMINUS	GOCC_NEURON_PROJECTION_TERMINUS		38	-0.10931228	-0.8555519	0.67241377	0.823842	1.0	4213	tags=97%, list=85%, signal=639%	
GOCC_PML_BODY	GOCC_PML_BODY		40	-0.105185635	-0.8502395	0.74418604	0.8305465	1.0	2821	tags=78%, list=57%, signal=178%	
GOMF_MONOATOMIC_ANION_TRANSMEMBRANE_TRANSPORTER_ACTIVITY	GOMF_MONOATOMIC_ANION_TRANSMEMBRANE_TRANSPORTER_ACTIVITY		19	-0.15042907	-0.8445214	0.6466165	0.8380179	1.0	1805	tags=63%, list=36%, signal=99%	
GOBP_NEGATIVE_REGULATION_OF_PEPTIDE_SECRETION	GOBP_NEGATIVE_REGULATION_OF_PEPTIDE_SECRETION		16	-0.16423969	-0.84193105	0.65562916	0.83948284	1.0	3719	tags=94%, list=75%, signal=373%	
GOBP_REGULATION_OF_PROTEIN_CONTAINING_COMPLEX_DISASSEMBLY	GOBP_REGULATION_OF_PROTEIN_CONTAINING_COMPLEX_DISASSEMBLY		68	-0.07329431	-0.84011155	0.8235294	0.83932024	1.0	3605	tags=87%, list=73%, signal=313%	
GOBP_CYTOCHROME_COMPLEX_ASSEMBLY	GOBP_CYTOCHROME_COMPLEX_ASSEMBLY		15	-0.17693035	-0.83686525	0.6449704	0.8418991	1.0	3092	tags=87%, list=62%, signal=229%	
GOBP_MITOTIC_SISTER_CHROMATID_SEPARATION	GOBP_MITOTIC_SISTER_CHROMATID_SEPARATION		32	-0.11929492	-0.8337368	0.67948717	0.843774	1.0	3693	tags=91%, list=74%, signal=352%	
GOMF_SYNTAXIN_BINDING	GOMF_SYNTAXIN_BINDING		32	-0.11370009	-0.82777596	0.71929824	0.85122764	1.0	1231	tags=50%, list=25%, signal=66%	
GOBP_POSITIVE_REGULATION_OF_TORC1_SIGNALING	GOBP_POSITIVE_REGULATION_OF_TORC1_SIGNALING		27	-0.1274898	-0.82544786	0.7047619	0.85177314	1.0	2614	tags=74%, list=53%, signal=156%	
GOBP_REGULATION_OF_HEART_GROWTH	GOBP_REGULATION_OF_HEART_GROWTH		22	-0.13823113	-0.81721157	0.66346157	0.863139	1.0	4281	tags=100%, list=86%, signal=724%	
GOCC_PCG_PROTEIN_COMPLEX	GOCC_PCG_PROTEIN_COMPLEX		21	-0.135757	-0.8063972	0.7863248	0.8783079	1.0	3600	tags=90%, list=73%, signal=328%	
GOBP_POSITIVE_REGULATION_OF_CHROMOSOME_SEPARATION	GOBP_POSITIVE_REGULATION_OF_CHROMOSOME_SEPARATION		18	-0.15591507	-0.8035846	0.70714283	0.8798742	1.0	4193	tags=100%, list=84%, signal=642%	
GOBP_REGULATION_OF_PROTEIN_EXPORT_FROM_NUCLEUS	GOBP_REGULATION_OF_PROTEIN_EXPORT_FROM_NUCLEUS		18	-0.15365788	-0.8029059	0.6967213	0.8775503	1.0	3752	tags=94%, list=76%, signal=386%	
GOBP_REGULATION_OF_ORGAN_GROWTH	GOBP_REGULATION_OF_ORGAN_GROWTH		31	-0.11009732	-0.8023786	0.72839504	0.8748129	1.0	4421	tags=100%, list=89%, signal=910%	
GOBP_VESICLE_MEDIATED_TRANSPORT_IN_SYNAPSE	GOBP_VESICLE_MEDIATED_TRANSPORT_IN_SYNAPSE		100	-0.061989866	-0.79584104	0.6666667	0.88268083	1.0	2841	tags=74%, list=57%, signal=170%	
GOBP_CHROMOSOME_SEPARATION	GOBP_CHROMOSOME_SEPARATION		42	-0.10096031	-0.79389757	0.74358976	0.88234204	1.0	2774	tags=74%, list=56%, signal=166%	
GOBP_REGULATION_OF_MITOTIC_SISTER_CHROMATID_SEGREGATION	GOBP_REGULATION_OF_MITOTIC_SISTER_CHROMATID_SEGREGATION		27	-0.12024969	-0.7912004	0.73195875	0.883435	1.0	1633	tags=56%, list=33%, signal=82%	
GOBP_HEART_GROWTH	GOBP_HEART_GROWTH		34	-0.10821956	-0.7887458	0.74285716	0.88386333	1.0	1799	tags=59%, list=36%, signal=92%	
GOBP_REGULATION_OF_BEHAVIOR	GOBP_REGULATION_OF_BEHAVIOR		16	-0.1525797	-0.7864334	0.78571427	0.8841092	1.0	2837	tags=81%, list=57%, signal=189%	
GOBP_ENDODERM_DEVELOPMENT	GOBP_ENDODERM_DEVELOPMENT		23	-0.13139568	-0.779762	0.7938144	0.8913626	1.0	2007	tags=65%, list=40%, signal=109%	
GOBP_REGULATION_OF_SMOOTHENED_SIGNALING_PATHWAY	GOBP_REGULATION_OF_SMOOTHENED_SIGNALING_PATHWAY		23	-0.12478345	-0.7779147	0.7878788	0.8906639	1.0	1165	tags=48%, list=23%, signal=62%	
GOBP_PROTEIN_EXIT_FROM_ENDOPLASMIC_RETICULUM	GOBP_PROTEIN_EXIT_FROM_ENDOPLASMIC_RETICULUM		22	-0.13964945	-0.77510977	0.78504676	0.891796	1.0	2958	tags=82%, list=60%, signal=202%	
GOBP_REGULATION_OF_GLUCONEOGENESIS	GOBP_REGULATION_OF_GLUCONEOGENESIS		19	-0.13585123	-0.75781995	0.796875	0.9156967	1.0	3852	tags=95%, list=78%, signal=422%	
GOBP_MONOATOMIC_ANION_TRANSPORT	GOBP_MONOATOMIC_ANION_TRANSPORT		28	-0.11610335	-0.7577136	0.84415585	0.91214556	1.0	1838	tags=61%, list=37%, signal=96%	
GOBP_ERAD_PATHWAY	GOBP_ERAD_PATHWAY		56	-0.084501326	-0.756708	0.8235294	0.91004205	1.0	4401	tags=98%, list=89%, signal=858%	
GOBP_CILIUM_OR_FLAGELLUM_DEPENDENT_CELL_MOTILITY	GOBP_CILIUM_OR_FLAGELLUM_DEPENDENT_CELL_MOTILITY		18	-0.14354226	-0.7563439	0.7785235	0.90694886	1.0	2750	tags=78%, list=55%, signal=174%	
GOCC_TERMINAL_BOUTON	GOCC_TERMINAL_BOUTON		16	-0.1487629	-0.7463055	0.7777778	0.91845906	1.0	2525	tags=75%, list=51%, signal=152%	
GOMF_TRANSCRIPTION_COREPRESSOR_BINDING	GOMF_TRANSCRIPTION_COREPRESSOR_BINDING		25	-0.11318463	-0.7433213	0.84210527	0.9191076	1.0	3530	tags=88%, list=71%, signal=303%	
GOBP_SOMITOGENESIS	GOBP_SOMITOGENESIS		19	-0.13477428	-0.74279463	0.8	0.91625863	1.0	287	tags=32%, list=6%, signal=33%	
GOBP_POSITIVE_REGULATION_OF_MACROAUTOPHAGY	GOBP_POSITIVE_REGULATION_OF_MACROAUTOPHAGY		32	-0.09964289	-0.73585945	0.8783784	0.922666	1.0	3081	tags=81%, list=62%, signal=213%	
GOBP_EPITHELIAL_CELL_APOPTOTIC_PROCESS	GOBP_EPITHELIAL_CELL_APOPTOTIC_PROCESS		47	-0.08075671	-0.73570734	0.84444445	0.9192665	1.0	4567	tags=100%, list=92%, signal=1241%	
GOBP_POSITIVE_REGULATION_OF_EPITHELIAL_CELL_APOPTOTIC_PROCESS	GOBP_POSITIVE_REGULATION_OF_EPITHELIAL_CELL_APOPTOTIC_PROCESS		15	-0.14611964	-0.7218316	0.86875	0.93492764	1.0	4241	tags=100%, list=85%, signal=685%	
GOBP_SPINDLE_LOCALIZATION	GOBP_SPINDLE_LOCALIZATION		25	-0.11352097	-0.72121644	0.8712871	0.932146	1.0	2757	tags=76%, list=56%, signal=170%	
GOCC_CYTOPLASMIC_REGION	GOCC_CYTOPLASMIC_REGION		75	-0.07382148	-0.71896076	0.71428573	0.9315854	1.0	3607	tags=88%, list=73%, signal=317%	
GOBP_POSITIVE_REGULATION_OF_MONONUCLEAR_CELL_MIGRATION	GOBP_POSITIVE_REGULATION_OF_MONONUCLEAR_CELL_MIGRATION		15	-0.15633579	-0.7167415	0.8043478	0.9308105	1.0	3231	tags=87%, list=65%, signal=248%	
GOBP_NEGATIVE_REGULATION_OF_TORC1_SIGNALING	GOBP_NEGATIVE_REGULATION_OF_TORC1_SIGNALING		18	-0.12720214	-0.7138738	0.9076923	0.93102586	1.0	2559	tags=72%, list=52%, signal=149%	
GOBP_GOLGI_TO_PLASMA_MEMBRANE_PROTEIN_TRANSPORT	GOBP_GOLGI_TO_PLASMA_MEMBRANE_PROTEIN_TRANSPORT		25	-0.10685679	-0.7055051	0.8901099	0.9376651	1.0	2728	tags=76%, list=55%, signal=168%	
GOBP_POSITIVE_REGULATION_OF_OXIDOREDUCTASE_ACTIVITY	GOBP_POSITIVE_REGULATION_OF_OXIDOREDUCTASE_ACTIVITY		17	-0.12865151	-0.6877004	0.8852459	0.9554126	1.0	3082	tags=82%, list=62%, signal=217%	
GOBP_PROTEIN_DESTABILIZATION	GOBP_PROTEIN_DESTABILIZATION		16	-0.13947846	-0.6875007	0.8874172	0.95205253	1.0	4274	tags=100%, list=86%, signal=718%	
GOBP_VIRAL_RELEASE_FROM_HOST_CELL	GOBP_VIRAL_RELEASE_FROM_HOST_CELL		17	-0.14027214	-0.68502194	0.86928105	0.9511138	1.0	2243	tags=71%, list=45%, signal=128%	
GOCC_TRANSCRIPTION_ELONGATION_FACTOR_COMPLEX	GOCC_TRANSCRIPTION_ELONGATION_FACTOR_COMPLEX		29	-0.104365766	-0.6804702	0.8148148	0.95259655	1.0	1803	tags=59%, list=36%, signal=92%	
GOBP_RESPONSE_TO_DSRNA	GOBP_RESPONSE_TO_DSRNA		17	-0.13525721	-0.6786055	0.9	0.9510528	1.0	3396	tags=88%, list=68%, signal=279%	
GOBP_MULTIVESICULAR_BODY_SORTING_PATHWAY	GOBP_MULTIVESICULAR_BODY_SORTING_PATHWAY		23	-0.10782409	-0.67782974	0.92523366	0.948363	1.0	2655	tags=74%, list=53%, signal=158%	
GOMF_PROTEASE_BINDING	GOMF_PROTEASE_BINDING		34	-0.0930951	-0.67055136	0.8923077	0.952272	1.0	934	tags=41%, list=19%, signal=50%	
GOBP_VESICLE_DOCKING_INVOLVED_IN_EXOCYTOSIS	GOBP_VESICLE_DOCKING_INVOLVED_IN_EXOCYTOSIS		23	-0.11223323	-0.6681855	0.9019608	0.95130616	1.0	2521	tags=74%, list=51%, signal=150%	
GOBP_REGULATION_OF_VACUOLE_ORGANIZATION	GOBP_REGULATION_OF_VACUOLE_ORGANIZATION		23	-0.111107826	-0.6468494	0.8947368	0.96743846	1.0	3081	tags=83%, list=62%, signal=217%	
GOCC_AUTOPHAGOSOME	GOCC_AUTOPHAGOSOME		43	-0.07640881	-0.6450378	0.925	0.9653596	1.0	3997	tags=93%, list=81%, signal=474%	
GOMF_PROMOTER_SPECIFIC_CHROMATIN_BINDING	GOMF_PROMOTER_SPECIFIC_CHROMATIN_BINDING		36	-0.08672996	-0.64390504	0.93650794	0.9626908	1.0	2363	tags=67%, list=48%, signal=126%	
GOBP_INORGANIC_ION_IMPORT_ACROSS_PLASMA_MEMBRANE	GOBP_INORGANIC_ION_IMPORT_ACROSS_PLASMA_MEMBRANE		18	-0.11524862	-0.61500376	0.9605263	0.9809956	1.0	3471	tags=89%, list=70%, signal=295%	
GOCC_PERICENTRIC_HETEROCHROMATIN	GOCC_PERICENTRIC_HETEROCHROMATIN		17	-0.11662579	-0.6090459	0.92517006	0.98143107	1.0	3868	tags=94%, list=78%, signal=425%	
GOBP_RESPONSE_TO_KETONE	GOBP_RESPONSE_TO_KETONE		35	-0.078942195	-0.6062322	0.9594595	0.97951716	1.0	3420	tags=86%, list=69%, signal=274%	
GOBP_INTRACILIARY_TRANSPORT	GOBP_INTRACILIARY_TRANSPORT		20	-0.11527171	-0.60461265	0.96899223	0.97696203	1.0	2354	tags=70%, list=47%, signal=133%	
GOBP_MEMBRANE_BIOGENESIS	GOBP_MEMBRANE_BIOGENESIS		26	-0.09702383	-0.60133904	0.9404762	0.97532916	1.0	2424	tags=69%, list=49%, signal=135%	
GOCC_MICROBODY_MEMBRANE	GOCC_MICROBODY_MEMBRANE		25	-0.093560144	-0.59561145	0.95238096	0.9751273	1.0	4502	tags=100%, list=91%, signal=1071%	
GOBP_AMINO_ACID_TRANSMEMBRANE_TRANSPORT	GOBP_AMINO_ACID_TRANSMEMBRANE_TRANSPORT		18	-0.1115237	-0.5855853	0.9758065	0.9767921	1.0	2259	tags=67%, list=46%, signal=122%	
GOBP_NEGATIVE_REGULATION_OF_PROTEIN_POLYMERIZATION	GOBP_NEGATIVE_REGULATION_OF_PROTEIN_POLYMERIZATION		46	-0.066169366	-0.58013326	0.9782609	0.97575104	1.0	2768	tags=72%, list=56%, signal=161%	
GOBP_STRIATED_MUSCLE_CELL_APOPTOTIC_PROCESS	GOBP_STRIATED_MUSCLE_CELL_APOPTOTIC_PROCESS		26	-0.089289956	-0.5618193	1.0	0.9799248	1.0	2193	tags=65%, list=44%, signal=117%	
GOBP_INTRACELLULAR_LIPID_TRANSPORT	GOBP_INTRACELLULAR_LIPID_TRANSPORT		16	-0.11102932	-0.55655897	0.992126	0.9782981	1.0	3410	tags=88%, list=69%, signal=279%	
